100001,穆小泠收藏集
100002,初音未来收藏集
100003,芋圆有点甜收藏集
100115,螺丝辣翅面-花想云裳
100116,老浮RIRIFA-少女与花之诗
100127,小花仙收藏集-花契
100129,懒懒兔收藏集
100141,刀田壹·万物皆可拟人
100145,一念逍遥收藏集
100151,星月夜Asteria收藏集
100153,Lirin兔耳娘收藏集
100159,妹子太多只好飞升了收藏集
100163,人间六月烟
100170,发疯小黄豆
100171,知薇入梦
100173,小熊虫收藏集
100176,九条月生收藏集——银河旅人
100185,Nameless Saga收藏集
100188,Minicatty收藏集·初遇
100189,微星命收藏集
100193,vv404 machines like me
100197,艾尔莎_Channel收藏集
100202,花丸晴琉收藏集
100210,江崎宇宙限定敲好看收藏集
100211,psplive山珍
100229,VIVINOS·异形舞台收藏集
100231,喜羊羊与灰太狼
100233,QUIN和他的朋友们收藏集
100238,青稞芋泥陶可爱收藏集
100240,奈奈莉娅-万圣节收藏集
100245,雪狐桑
100246,KIKI輝気收藏集
100260,黑猫猫OvO梦幻个人收藏集
100274,银杏·星川铃·阿绿收藏集
100287,孙无力系列插画收藏集
100297,露早GOGO收藏集
100299,AISHA-法吉特 收藏集
100301,辣糖甜心收藏集
100309,兰音Reine收藏集
100311,彩虹酱哇
100316,四禧丸子收藏集
100323,666K信譞收藏集
100327,白粥nina收藏集·呢喃梦境
100332,夏诺雅shanoa收藏集
100335,赛尔计划收藏集
100342,玩具总动员收藏集
100344,psplive海味
100352,Akie秋绘·璀璨星辰
100357,喵小玉湿糊
100360,崩坏星球收藏集
100364,劉了了收藏集
100368,铃音Suzune收藏集
100376,保卫萝卜·阿波的大冒险
100380,薄荷Miint周年收藏集
100387,A-SOUL 绽放收藏集
100388,熙往收藏集
100392,咲花naru收藏集
100394,小豆沢Azuki收藏集
100400,Kieed收藏集
100404,早稻叽月下舞会收藏集
100406,是姬拉kira的收藏集
100409,JENCY&PINK收藏集
100413,第一序列收藏集
100427,白金宝贝收藏集
100432,阳光男孩小丑熊收藏集
100434,艾鸽收藏集
100450,嗷金宝收藏集
100454,咏枂Yuer收藏集
100459,画师D·的魔法迷境
100470,萨克万的收藏集
100487,纯白和弦收藏集
100491,《辐射：避难所OL》收藏集
100493,《天官赐福》漫画收藏集
100497,鬼刀系列收藏集
100502,第五灌灌收藏集
100507,醒醒加班
100513,碳鸽收藏集
100518,T5_茨舞收藏集
100521,疯狂动物城收藏集
100531,杠杠收藏集
100533,皮卡少个丘w收藏集
100535,江明月收藏集
100538,星河Sagi收藏集
100553,小须须收藏集
100557,鸢尾牙牙收藏集
100564,织月黛黛收藏集
100566,库莉姆奶油集
100570,鲸鱼娘西丝特收藏集
100574,朝华缘拾收藏集
100595,大橙橙橙子收藏集
100600,RO姬偶像收藏集
100601,兔子镇的温馨日常
100602,咸鱼栗来啦收藏集
100603,LOOPY·戏如人生系列
100607,鸽一品天才集
100612,抖个姬灵收藏集
100614,酒菜禾子收藏集
100619,绮罗夜宴时刻
100633,夏露露Ruru收藏集
100641,全力幻想少年
100654,MORNCOLOUR——失落星辰
100662,三丽鸥家族收藏集
100664,阿猫个人收藏集
100671,夢冬oTo·百变狐狐
100680,火星西路7号
100685,十元酱收藏集
100688,阿球收藏集
100693,嗨嗨多吃点收藏集
100696,奇点时代收藏集
100700,AIChannel中国绊爱收藏集
100717,撸sir兰陵君收藏集
100721,赛尔号收藏集
100728,猫君君MaoJun收藏集
100730,夕兔收藏集
100736,米诺高分少女收藏集
100740,斋藤直葵收藏集
100744,CSGO大茄子收藏集
100746,雪糍个人收藏集
100757,可洛Cro收藏集
100759,荧幕内外收藏集
100767,呆妹小霸王收藏集
100769,夜喵W收藏集
100785,旋风博文【自制动画】收藏集
100787,幻境之夜纱依收藏集
100790,心斋桥OCUTO收藏集
100791,钟晨瑶收藏集
100795,画师具收藏集
100814,凤小七·山海凤吟
100816,次元异梦·咲间妮娜收藏集
100819,奶茶鼠收藏集
100830,树礼suki收藏集
100838,特效小哥studio
100846,公主茶话会-iStella收藏集
100849,猫雷NyaRu收藏集
100858,黎歌Neeko收藏集
100864,小妹睡不醒收藏集
100868,装扮小姐姐收藏集
100873,谢安然收藏集
100877,卡皮巴拉小黄豚
100885,空之要塞：启航
100891,绯色回响
100893,多特蒙德-黄黑无间
100899,心愿日历 收藏集
100904,米哦收藏集-花朝月夕
100910,米团团Miho收藏集
100923,橙子miu收藏集
100928,龙年新春·杜松子收藏集
100931,与卿相伴·柯暮卿收藏集
100936,Amuse收藏集
100942,安晴Ankii生活集
100944,唯佳酱·万物皆神明收藏集
100946,穆小泠12生肖收藏集
100961,绘之音收藏集
100963,狛纳世界
100965,爱丽丝梦游仙境收藏集
101012,《咸鱼哥》收藏集
101014,卢塔斐雅Lutafia收藏集
101019,压刹收藏集
101037,树付离铁三角2024
101041,元宇宙小黄豆
101049,宵鱼鱼收藏集
101051,鹿野灸犬系少年
101063,痒局长和奥利奥收藏集
101069,玛萨咪Ovo收藏集
101070,小小的小兔团儿收藏集
101080,史迪仔收藏集
101092,绫濑双双收藏集
101096,熊出没收藏集
101105,大D特D第二弹
101107,阿以莎Aishah收藏集
101110,奥特曼收藏集
101116,初音未来单人收藏集
101118,汽车总动员收藏集
101123,巫小萤收藏集
101133,LALIGA龙年特典
101142,泡芙酱DAZE收藏集
101151,小初收藏集
101161,热刺绣新春，藏龙卧虎
101171,衣笠雪绘收藏集
101184,庭树沐年收藏集
101186,柊真华RPG世界收藏集
101201,百妖谱动画收藏集
101209,旅行日记
101214,咒术回战收藏集
101219,海绵宝宝
101221,主播女孩重度依赖收藏集
101223,萌娘百科收藏集
101238,《摇曳露营2》收藏集
101245,岚西啊喵收藏集
101254,《四季的少女》收藏集
101259,《捕星司》收藏集
101261,呼噜呼噜星野怜
101262,时光环球贺典·画师联名
101270,MizunoAki收藏集-梦中情狗
101285,酸酸甜甜收藏集
101287,阿蕊娅收藏集
101297,假面骑士收藏集
101309,星间泉·水色鎏金
101313,委蛇之宴收藏集
101314,星宮汐＆明收藏集
101315,薇拉Vera收藏集·恋爱囚徒
101317,睡睡收藏集-与睡宝来约会
101323,黑原缚Kurohara收藏集
101332,《剑网3·侠肝义胆沈剑心》
101334,孙笑川258收藏集
101336,春池醉梦·花花Haya收藏集
101349,陈玺颜
101353,兔眠可可白情收藏集
101361,微生人培养皿
101367,雨乃收藏集
101383,不二却也OC收藏集
101388,寺田堤拉 TERADA TERA
101390,心流酱紫·收藏集
101395,Hiiro收藏集-春晖庆典
101399,咩栗呜米收藏集
101401,小妖晶hush收藏集
101425,完蛋！我被美女包围了！
101426,樱酱梦境少女收藏集
101429,可爱小猪Asaki收藏集
101431,《机动战士高达》收藏集
101439,黑桐谷歌收藏集
101456,萝莉一凡收藏集
101462,《鹿死谁手》漫画收藏集
101465,FPX·六翮如云收藏集
101468,与凤行收藏集
101479,萝莉一凡个人收藏集
101485,犬川面面Miami收藏集
101499,国宝化灵·镜花集
101507,是幼情呀收藏集
101529,蓝月曼城
101530,武林外传纪念画系列
101531,樱群收藏集
101536,小刘鸭·博物馆
101545,Sheya收藏集-月食梦
101547,Luca Kaneshiro收藏集
101552,晓丹个人收藏集
101561,《魔发精灵3》收藏集
101571,《三伏》收藏集
101579,新世纪福音战士收藏集
101588,犬夜叉收藏集
101597,雨中Neo收藏集
101599,酒酒井Anri收藏集
101603,有棵里里·禁欲心跳
101609,最萌的磊收藏集
101624,奶油兔收藏集
101626,排骨教主收藏集
101634,2233·风华录
101639,G2·IEM成都限定收藏集
101651,丁丁框收藏集-《银河夜话》
101653,鹰之魅影
101673,FPX·凤卷硝云收藏集
101677,蛙吹Keroro收藏集
101687,Liyuu收藏集
101689,崔高兴收藏集
101691,血月红蝶·风吟蝶的收藏集
101692,佐娜Sanya收藏集
101694,千璃Chili收藏集
101713,富大贵收藏集
101718,名侦探柯南收藏集
101720,朝仓鱼块收藏集
101721,数码宝贝02：最初的召唤
101724,FPX.ZQ·雀鸣深渊收藏集
101725,纱音Syanon收藏集
101727,粉扑扑收藏集
101733,浅川玉乃收藏集
101751,交错战线收藏集
101759,桃核豆豆子收藏集
101768,戏里戏外又逢卿·416收藏集
101777,神慶JINKEI收藏集-KARAT
101778,小只芋
101783,玻璃Bori收藏集
101797,蒋七七收藏集
101800,弥希Miki收藏集
101820,奈奈莉娅伶俐集
101828,洛少爷收藏集
101830,琳汐汐吖收藏集
101836,i御十二收藏集
101841,2024纪录片开放周收藏集
101843,雪柔个人收藏集
101845,莞儿睡不醒收藏集
101856,为热爱干杯！
101860,茶茶太困了Q收藏集
101864,有希小酱收藏集
101879,《虚无边境》收藏集
101898,兔牙の收藏集
101909,狛纳世界龙腾虎跃
101913,汤圆四水收藏集
101918,池年收藏集
101926,折原露露收藏集
101931,G2·2024成都MSI收藏集
101935,藤原收藏集《极彩少女巡礼》
101939,波喵个人收藏集
101940,《蜡笔小新》
101949,司稽-群青少女收藏集
101980,小巫酱w收藏集
101991,连翘同学收藏集
101998,《超能敢死队》收藏集
102014,春卷饭收藏集
102026,余多多Dudu个人收藏集
102034,露米＆露娜收藏集
102040,《杀手疾风号》收藏集
102045,然若星辰
102046,Ahri小狐狸呀收藏集
102052,粉黛乱子Capillaris收藏集
102054,兰音的衣柜奇缘
102059,疯狂动物城影漫系列
102070,钟晨瑶
102090,花末Luna·花时予你
102092,山海与相逢
102093,Electronic Girl
102098,鲨猫的牛马日常
102108,神妖惑众·梨安收藏集
102114,《邂逅她的少女时代》收藏集
102116,美食萨卡班
102119,小鬼异录
102121,米哦收藏集-12星座祝福
102127,阿少西游传
102132,米奇的奇遇冒险
102133,笑微微来了收藏集
102140,《庆余年》收藏集
102142,《汉化日记》收藏集
102161,2233·幻境序曲
102171,《烟火》收藏集
102175,大理寺日志收藏集
102181,《破茧Ⅱ》收藏集
102200,《我和我对家》漫画收藏集
102201,柚恩不加糖收藏集
102208,禾兮子收藏集
102214,假面骑士555·20周年收藏集
102220,瓦妮Vanee·笨鳄多端收藏集
102229,星有野宇宙收藏集
102235,有兽焉动画-可动塔罗系列
102237,星空列车与白的旅行收藏集
102241,史迪仔影漫系列收藏集
102244,东爱璃Lovely收藏集
102256,美味中华
102257,洛德薇安收藏集
102258,西四收藏集
102263,鲸落落raku收藏集
102276,酸柚粥sayo《小猫星》收藏集
102279,清醒梦境
102319,hololive0期生收藏集
102321,猫神十二宫
102328,宣小纸不怕火-千面女郎
102350,BML2024收藏集
102352,“雨路同行”重返未来1999
102366,Aimer digital collection
102373,夏日拾光
102381,椋笙栗Kuri·星河夏夜
102387,小狗秘密文档
102407,逻辑小猫收藏集
102409,米尼麦尼轰收藏集
102412,酒菜禾子收藏集第二弹
102424,雪狐桑收藏集
102430,黄Mier收藏集
102438,星引擎party闪亮启航
102450,卡萝尔Akuma收藏集
102467,《怪兽8号》动画收藏集
102469,沐霂是MUMU呀收藏集
102488,王筱沫沫收藏集
102492,元气少年
102499,雪绘Yukie收藏集
102513,星汐Seki收藏集
102515,三角皇冠
102526,时光LIVE·音乐企划
102528,米虫尼奈收藏集
102544,封茗囧菌收藏集
102546,兔眠可可收藏集
102550,洛天依·收藏集
102555,诺诺的收藏集
102576,《好徒儿》漫画收藏集
102580,雷索纳斯
102591,卦者灵风收藏集
102593,幻想社夏日收藏集
102598,呆呆鲨夏日限定
102605,陆鳐LuLu收藏集
102608,新无无心收藏集
102610,昼歌里宇宙乐章
102615,眠眠兔
102616,胡桃Usa收藏集·一日一堕
102645,哥伦比亚百年狸叶特辑
102646,眠狼【满庭芳·翠影华章】
102660,晴海猫步·不知原深收藏集
102669,nono狗
102683,哈鹿hallu收藏集
102685,老骚豆腐收藏集
102693,鬼针草雪糕魔法收藏集
102704,名侦探柯南30周年
102706,江夫人KWKmia魔女收藏集
102707,宇宙无敌美少女雫lulu
102720,李艺彤收藏集
102721,衣娅收藏集
102725,切茜娅CheIsea收藏集
102733,一点荧惑收藏集
102742,长相思收藏集
102750,B.DUCK小黄鸭—乐队时刻
102753,兔总裁收藏集
102764,小金鱼kimyve个人收藏集
102778,《我的三体》动画收藏集
102794,饿殍：明末千里行
102806,走路摇zly收藏集
102815,Minicatty收藏集·迷梦幻境
102817,NANASE收藏集-猛兽注意
102825,《神渴望着游戏。》收藏集
102850,小铃久绘收藏集·绘梦时分
102857,MyGO!!!!!收藏集
102870,祈Inory收藏集
102871,Tocci椭奇收藏集
102887,高达SEED DESTINY
102890,完美世界动画收藏集
102936,虫娘ver.盛夏收藏集
102942,2024明日方舟音律联觉
102954,纸上的魔法使
102955,量子猫EH·神秘之旅
102962,2024 BML&BW 2233收藏集
102969,芽衣子OwO收藏集
102971,殷秋染收藏集
102989,星辰PROJECT收藏集
102990,白雪眠的收藏集
102999,俊达萌收藏集
103002,恩缇收藏集
103007,唐九夏-伴你一夏
103017,羽天SHine收藏集
103020,御司司收藏集
103029,阿以莎收藏集·忏悔日记
103031,東雪蓮音乐收藏集
103034,雪域收藏集Ⅰ 第壹乐章
103065,小花仙-幻彩绮梦系列
103074,希丝奈cisne收藏集
103077,魔女与神兵
103079,花与梦
103091,尘白禁区
103101,小巫酱w个人收藏集
103120,桃宫七七酱制服诱惑收藏集
103121,秋蒂夏日无际收藏集
103133,梅塔露丝：香甜祝颂
103141,甜夕sweet·次元梦境
103147,UP！共创剧场收藏集
103155,夏川玥玥收藏集
103165,月兔魔女
103166,纸嫁衣
103171,航海王：强者天下
103177,瑞娅Rhea收藏集
103183,小吃货的JAS收藏集
103192,ParmyAU收藏集
103198,奥特曼全明星系列收藏集
103205,薇桃杠蔻伟情缘集
103217,鱿米milai收藏集-人间鱿物
103240,春桃奈奈原创_克拉拉
103244,2233·少女日记
103245,红小豆收藏集
103263,一二与布布收藏集
103279,《白蛇：浮生》收藏集
103281,里奈Rina个人收藏集
103310,小丸Official猫猫集
103314,瀬兎一也&天曰小雏收藏集
103317,虞莫MOMO收藏集
103318,小柔-倾夏柔光
103357,迪士尼大电影收藏集
103362,鬼刀收藏集
103363,希月萌奈收藏集
103371,五月织姬收藏集·月梦激奏
103382,加菲猫家族收藏集
103387,阳阳不想熬夜收藏集
103412,皮克斯大电影
103456,朗萌绮盟
103472,狐妖Mikan收藏集
103488,罗塞菈Rosella收藏集
103493,桃源玖玖收藏集
103508,蜡笔小新收藏集-悠闲假期
103515,菠萝赛东收藏集
103524,EITA
103530,狛纳世界·虎虎生威
103531,绫濑光·与光同行收藏集
103539,艾尔莎-楚楚可艾
103549,随一Suiii收藏集
103552,又一充电中收藏集
103555,柰Nai收藏集
103567,《恶人想要抢救一下》收藏集
103574,七饭收藏集
103576,陽葉 恶魔与少女收藏集
103586,主播女孩重度依赖Ⅱ
103602,卡缇娅也不知道鸭收藏集
103614,神山羊收藏集
103626,说说收藏集【四季予你】
103653,夜王莉莉丝收藏集
103656,凹凸世界燃聚今夏收藏集
103658,BML岁月如歌收藏集
103660,绒米romi收藏集
103664,可妮Koni收藏集
103677,拜仁慕尼黑——征途再启
103687,转生史莱姆
103689,赫卡特Hecate收藏集
103695,ryota情热甜心收藏集
103698,莱妮娅_Rynia收藏集
103706,卜卜猫
103714,DOTA2 TI13收藏集
103720,科幻世界收藏集
103721,烛宝天使恶魔双生子收藏集
103723,团小哈收藏集
103725,劉俊朗-炎炎爆击
103740,Team Spirit TI13收藏集
103753,悠米Yuumi·悠然拾忆
103762,Mixsoul撕放本我·黑白界
103770,月隐空夜收藏集
103771,星瞳·扇宝收藏集
103780,岁时集
103785,爱迟到的张锦锦收藏集
103787,郁小漓收藏集
103796,《间谍过家家 代号：白》
103798,fkey收藏集-小道士药指
103800,泰蕾莎Channel夏日收藏集
103801,织月黛黛·爱情病毒收藏集
103838,杜松子收藏集
103845,修修猫ww收藏集
103857,繁花·幻娜Hana收藏集
103866,鹿野灸少年异闻录
103870,鲸鱼娘收藏集·水嬉之旅
103872,新世纪福音战士新剧场版
103874,幻星乐园
103881,双生・Eve＆Will
103883,月色回响
103905,温斓Vanna收藏集
103924,恬豆发芽了收藏集
103934,夜晚的水母不会游泳收藏集
103942,星萌之约收藏集
103948,物华弥新收藏集
103950,菲莉丝Phyllis收藏集
103952,可洛收藏集·可甜可洛
103964,树礼Suki收藏集·小狼游记
103966,礼拜六Liu收藏集
103972,小鱼干收藏集
103984,中国绊爱收藏集第二弹
103988,妖 狱
104006,炎辰收藏集
104015,盒中之海收藏集
104027,mikko收藏集
104036,从21世纪安全撤离
104041,铠甲勇士收藏集
104046,白夜星梦白崎银子
104050,POP女孩mog
104051,夜色恋歌·雾氧Uo收藏集
104054,勾檀Mayumi收藏集
104060,魔道祖师动画收藏集
104067,诛仙动画收藏集
104069,荒野机器人收藏集
104078,霏霏收藏集
104102,BLG·2024LPL出征收藏集
104104,LNG·2024LPL出征收藏集
104106,TES·2024LPL出征收藏集
104108,WBG·2024LPL出征收藏集
104123,大家一起酥酥狐狐～
104125,团团猫
104143,Q版穆小泠收藏集
104146,青灰緑-Midori收藏集
104153,鹿乃收藏集
104172,呜宝收藏集
104174,顾晓Khaos收藏集
104179,丘米芽Mia收藏集
104182,烛不遥-烛光绮梦
104194,EB女团收藏集
104196,小米童鞋噢OOo收藏集
104214,人格解体
104216,米团团收藏集
104219,星灵歌者妮莉安Lily收藏集
104232,心羽萝妮收藏集
104262,悠亚Yua收藏集
104269,金明洙2024中国限定收藏集
104276,池乐收藏集
104278,Afaer两周年收藏集-U.M.A.
104284,平行世界小驴鹅
104287,ParadoxLive THEANIMATION
104292,守护之战·木糖纯收藏集
104293,帕莎Pasha收藏集
104298,小仙若个人收藏集
104300,酱拌瓜实验室
104320,别当欧尼酱了！收藏集
104328,Asaki收藏集
104355,【星辰与秘闻】纱依收藏集
104357,《神偷奶爸4》收藏集
104375,幽幽家族 收藏集
104383,原子Dan - 森乐园收藏集
104391,恋语怪兽KOIMON收藏集
104409,果宝official收藏集
104415,Sheya收藏集-月夜梦行症
104421,卡皮巴拉
104427,《非人哉》收藏集
104429,钉宫草莓收藏集
104441,圣洁乐章·-菫時-收藏集
104453,八木百货社长收藏集
104459,玉之けだま_毛玉收藏集
104467,牧神记收藏集
104492,天官赐福动画·四周年纪念
104494,陶可爱收藏集
104501,暗宝AB收藏集
104508,小花仙-纯白礼赞系列
104519,我滴个龟儿哟
104521,月见梨梨娅收藏集
104538,暖暖狐
104542,灰音Haine
104543,宝石少女 1st.cut收藏集
104550,我叫MT收藏集
104567,CHON*个人收藏集
104569,名乃_NAN0·电子宠物
104572,梦音的化妆镜
104579,CS 上海Major收藏集
104584,VITALITY MAJOR 收藏集
104587,巧克甜恋收藏集
104588,星霜荏苒
104598,噗噗夏露露收藏集
104601,病院坂saki收藏集
104610,梦衫·因你而在的梦收藏集
104621,支离破碎TN酱收藏集
104635,小可学妹收藏集
104662,浅川玉乃·暖玉流香收藏集
104671,雪糕cheese收藏集
104678,艾露露-金风玉露
104691,绘星花语
104695,邦邦的日常
104714,美妙宠物光之美少女收藏集
104732,黑泽诺亚NOIR个人收藏集
104737,猫之城
104739,卜梦寻往·塔克收藏集
104741,万有引力·伊万收藏集
104783,奈姬niki收藏集
104785,萝尔露Real收藏集
104795,MaggieYoo收藏集
104812,Spirit 2024上海Major
104825,巴萨125周年纪念
104826,一条小糖糖
104848,莉可丽丝收藏集
104853,Egiiy_氮氮收藏集
104859,徐珺大哥收藏集
104867,菌子宝宝丶收藏集2.0
104876,晶核
104878,小清晨儿_收藏集
104905,七禾收藏集【天作之禾】
104907,柚柚吃泡泡吗
104925,VirtuaReal温泉物语
104929,XY大甘蔗·谢莹个人收藏集
104946,你的圈圈儿
104957,岱川Doris·星河万顷
104960,萌力星球收藏集
104962,语格Yoga收藏集
104978,少女乐队的呐喊
104987,赫拉Kris指挥官收藏集
104992,Grandia元收藏集
105006,村村宇宙·小猫女仆降临
105008,《不小心救了江湖公敌》漫画
105012,小狗蛇点点
105052,米虫尼奈nine收藏集
105063,让好事发生
105068,hololive ID收藏集
105076,Nanatsukaze收藏集
105078,几兔灰收藏集
105080,蝶蝶Hikari收藏集
105082,在下淘子
105099,喜羊羊与灰太狼收藏集
105101,国风大熊猫收藏集
105107,干杯！2024最美的夜
105115,抱走布丁收藏集
105118,库莉姆Cream收藏集
105123,VirtuaReal轻漾幻景
105132,爪子drumdoll收藏集
105151,晴云-醒时晴空
105152,空海碧帆·阿久收藏集
105154,低空梦游·眠特Mint收藏集
105169,苏酥yuki收藏集
105185,东方洛克兔铃仙收藏集
105199,安可Anko个人收藏集
105204,星野琳奈收藏集
105215,名侦探柯南M27
105226,圣诞紗耶·轻纱曼舞收藏集
105228,Neuro_sama收藏集
105230,星野琳奈小恶魔收藏集
105234,Riko收藏集
105248,惑星VORTEX收藏集
105253,假面骑士极狐系列收藏集
105283,不稳定发电机收藏集
105299,悠扬夏忆
105300,小王子·收藏集-星际巡游
105305,软萌兔·收藏集-梦幻奇缘
105307,猫雷收藏集
105310,旺仔的个人收藏集
105326,小神奈殿下收藏集
105338,自由魂儿收藏集
105354,若不疯魔何言爱过收藏集
105367,小暮mumu收藏集
105371,玵木anmua收藏集
105375,萌萌兔崽子
105383,奶龙双旦收藏集
105388,LOOPY可爱计划
105400,妹妹一天只和我对上一次眼
105407,紫罗兰永恒花园收藏集
105409,VirtuaReal碧波澜影
105413,范式起源
105432,挚友的旅途·羽毛收藏集
105435,东方收藏集·浮生若梦
105436,机智大灯灯收藏集
105444,yumekiii收藏集
105461,Team Spirit 冠军收藏集
105476,chiya收藏集-花园交响曲
105488,咔比大王Kingu收藏集
105495,《毒液：最后一舞》
105499,Memento[Sol] 裏方收藏集
105508,《沉香如屑》收藏集
105510,玉京子Kyouko收藏集
105512,2025拜年纪
105518,与你独处·楽烯Roky收藏集
105526,碎夜瑠璃LapisLazuli
105541,折原露露·蔷薇之花于黑夜绽放
105543,小只芋·电子萌猫
105547,活色生香
105549,艾姬薇宝收藏集
105556,BLG信念不熄收藏集
105571,轮回的誓约
105575,局长的教育手册
105577,笙歌OvO收藏集
105579,紫贝儿·年味
105581,布偶猫Mikoo
105590,童话小黑猫
105592,animate官方收藏集
105601,弈仙牌·收藏集
105603,尾哥模玩收藏集
105605,猫屋敷梨梨收藏集
105606,蔚蓝档案2025收藏集
105611,妄伪校园设定集
105615,汤圆四水媚骨天成收藏集
105646,长草颜团子收藏集
105648,爱执欲意·冥冥收藏集
105661,小花仙时空彼岸纪念系列
105669,维徊徊徊天使园收藏集
105701,从0开始的VUP生活
105722,LoveLive！收藏集
105723,tmt个人收藏集【伽蓝人形】
105765,纵享丝滑大嘘官方收藏集
105767,由乃爱莉收藏集
105783,东方Project收藏集2025
105787,拜仁慕尼黑——仁仁有牌面
105791,雪糕许愿瓶收藏集
105798,抽象十二生肖第二弹
105813,凡人动画画师联名收藏集
105826,萝眠相约迎新春
105833,千恋万花官方收藏集
105850,呆毛魔王蔓蔓收藏集
105852,东方夜雀食堂收藏集
105855,海月之纱·纱奈Sana收藏集
105862,时光代理人英都篇收藏集
105881,北北miya收藏集
105897,铁甲小宝收藏集
105899,养猫的人
105903,行间收藏集
105909,跃动青春
105912,战舰少女R收藏集
105925,hololive春晓之约
105938,猛男寨之异世界大冒险
105939,新月同行
105945,王者荣耀蛇限收藏集
105953,物华弥新辞旧迎新收藏集
105985,可爱联盟收藏集
106000,菊花花收藏集
106002,小糖发财收藏集
106020,柃江收藏集
106040,Midoriko绿子收藏集
106043,2025拜年纪原创动画收藏集
106053,核燃黑猫・成XX东方收藏集
106097,花园Serena收藏集
106098,芒芒_Mou收藏集
106124,阿梓从小就很可爱收藏集
106126,百变小熊米莉娅收藏集
106131,果汁erR收藏集
106133,海娅Haia收藏集
106151,卿雪团子—卿丝梦忆
106153,夢冬oTo·入夢
106164,蝶太·神吟少年
106178,颁勒一号机·画师收藏集
106192,黑丝合缝收藏集
106197,以爱生花 青鸟集
106213,星瞳·灿如繁星收藏集
106218,花烬-梦舞花翩
106231,幼金
106240,猫耳FM
106246,烛灵儿Hikari收藏集
106248,软软riu收藏集
106258,miriちゃん
106266,初音未来征稿集
106293,Afaer吕和今Asota2025
106306,NOYU个人收藏集
106310,香老师
106321,高达铁血的奥尔芬斯
106354,李礼礼可欣
106363,独夫之心
106380,Chinozo官方
106385,十二朝代·米虫尼奈收藏集
106387,Yommyko-自由自在
106392,殷洛洛ovo
106411,BanG Dream!纪念集
106414,星星掉兜里了
106420,墨玉-M
106428,依枕云屏·菜鼠绘梦
106433,2025拜年纪·南北组
106462,同级生的OO年后
106470,碳酸熊卡
106477,时代少年团生日收藏集
106488,Niya阿布·禁忌美梦
106505,兔兔超人
106509,花与心事
106527,sekyota落星晓
106529,坂坂白
106572,BLS-Afaer展麟·渊潮之梦
106574,月歌。
106577,尤菲黎娅的人间之旅
106579,白诗南_ivy·飨欲盛宴
106588,米塔
106596,纯挚绘梦集
106598,AC米兰·红黑次元
106604,银绿·双向陷阱
106617,奥特曼暗黑系列
106630,五更百鬼
106644,水光潋滟
106649,Sawako碎花子·薄荷甜昼
106663,StarHoney
106691,豆梓Dora梓属于你
106693,菜咪工社白色情画
106702,神烦鸟
106704,小狗日记
106726,黎歌Neeko
106729,夏筱米
106735,Afaer-伊梦Eligo2025
106736,第二颗纽扣给樱酱QvQ
106743,樱群·百变乐章
106777,ONESIDE
106780,冬日旧铃曲
106812,名侦探柯南扑克牌系列
106814,羽落金昼
106815,紫氯氯
106827,深空之眼三周年
106837,卡娜赫拉的小动物
106854,小花罗梦拾光童话
106860,羊小雪
106878,赛尔号圣甲再临系列
106889,桔桔塔罗牌
106891,亭子ww羁绊永续
106897,魔卡少女樱
106907,狸看起来很好吃
106912,菇菇醒
106915,阿以莎·触及真心
106917,rurudo箱庭少女之梦
106925,超级战队
106928,2025嘉然的画册
106929,MOI洛朗·班角色二创
106933,叶绯页收藏集
106940,蜜雪冰城-雪王
106945,岁己SUI·飞鸟羽集
106950,凸变英雄X
106962,巧可Chocolat
106977,乐正绫单人集
106985,亚托莉-我挚爱的时光-
106987,gyuing-秋叶原狂热
107000,亦初Rain
107008,薄樱鬼
107011,伊吹小秋·遁入幻想
107018,寺田堤拉2025
107040,Lovelive! Sunshine!!
107052,魔狼咪莉娅
107053,水葬銀貨のイストリア
107063,凉哈皮
107065,Free！
107077,WOLVES BAND
107081,Ave Mujica
107099,幻塔
107101,華Doll*
107103,嚼着软糖想昵称
107134,祭祭本桥
107137,小紫才没有摸鱼
107174,五维介质-启程之音
107179,小咪吃肉恋爱游戏女主角
107185,卡米莉娅的影集
107186,稚年SaRo
107192,鹿弈-少年饲养指南
107197,衣娅·四季流转集
107215,是团宝吖
107229,Akie秋绘·以I之名
107232,FOREVER
107240,天使騒々RE-BOOT!
107258,Pastel Box
107271,BanG Dream! Pastel＊Palettes
107287,鲑鱼子
107289,龙的日记
107294,Riko呆呆
107336,闪耀日记
107359,vamoko
107368,妹妹养成手册
107377,心理鸭
107381,少女前线-相伴格里芬
107383,豆姆蛙
107387,桃星Tocci·诞生的初愿
107399,伊莎蓓尔精灵物语
107401,Solamente
107405,别当欧尼酱了！第二弹
107420,北久Kyuu的绮梦
107423,大白菜露华菘语
107425,北田龙马·病娇同居日记
107428,夕时神约
107429,李滇滇个人收藏集
107432,刘十四w
107434,白桃味蛋挞
107445,云朵捕获计划
107464,奶油-cream-·奶油小狗汪
107473,i御十二·恋语花誓
107526,狸酱lino
107532,甜宝小猪
107540,传奇仙女龙dd
107550,早椰恋恋
107556,鹿火CAVY
107590,红小豆
107600,Liyuu·追光Li遇记
107612,正经狼咖
107614,宅男的人间冒险
107633,VITALITY冠军庆典
107635,sunrise
107679,少年与你·迷路的牙刷
107684,丝塔莉·繁星缀梦
107691,付暔暔·百变暔暔
107693,灵笼
107702,花崎Makura
107704,青青福利集
107720,池咲的美少年
107722,2233·元素协奏
107752,霸王龙雷奇
107754,真红莉爱
107767,这刺来港 打吡加油
107775,Venus Vacation PRISM
107781,心宜和思诺的交响乐谱
107792,逗逗游戏伙伴·延迟心跳
107797,桃几OvO·家有萌猫
107802,梅兰芳元宇宙×装扮小姐姐
107820,魔法天使·小陌降临
107824,栞栞Shiori·夏日海獭
107827,明前奶绿·童话梦境
107836,最喜欢派蒙了生肖十二
107858,穆小泠·暗夜星辰
107875,星际宝贝史迪奇
107886,星乃小狐
107888,哔哔啵啵璇
107904,大小姐是死宅
107925,欲梦之恋
107935,小程吖收藏集·橙心礼诞
107937,家有阿宅女忍者-小龍画集
107939,鲲吞天下之掌门归来
107950,BML2025
107957,梦影溯心
107959,文宝Eleven·星轨交映
107966,竹缘雪
107971,青川入梦
107972,BanG Dream! Afterglow
107993,宫濑真寻东方集
108001,芋圆有点甜·纯芋物语
108029,话梅糖-玻璃纸季节
108048,早凉·双镜溯游
108054,萤喵w_奇喵冒险
108086,2025明日方舟集成映射
108095,40原·黄豆粉
108109,FF14金曦之遗辉
108136,果糖含量·多元宇宙
108138,奈奈莉娅·圣娅喵喵教
108143,五更妖音
108153,BW2025
108159,skrillex离
108165,爱丽丝十七号.百变奇遇
108167,师妹心语·小师妹下山咯
108190,魔女秘境
108206,妄想小兔
108208,星光咖啡馆与死神之蝶
108213,BanG Dream! RAISE A SUILEN
108221,西门小昭·昭遇实录
108238,芙哇芙哇女仆咖啡厅
108261,幻笺集 一颗小兔娘
108275,ANNYX·ROUND N
108299,精灵旅社x暹罗猫小豆泥
108301,U子宇宙·2u2bu
108306,角落小伙伴
108312,夜车Azuya
108314,优米雅的炼金工房
108316,於今昔
108329,水豚噜噜
108344,在RPG里寻求七海是否下略
108357,九鸟Dolores_
108373,机动战士高达UC
108381,最白的幽一
108395,Yuimisu・地雷系女子收藏集
108399,兜兜和毛毛
108401,胡桃Usa·堕令时
108409,偶像大师闪耀色彩
108430,思小柒UMI收藏集
108435,瑜瑜驯养手册
108446,莎布Shub欲望时刻
108477,洛天依·珍藏集
108483,居居boom
108491,小阿·盛放于星光下
108499,麻辣烤兔子
108508,2233·宅舞嘉年华2025
108513,海天盛筵·夏日集
108535,粒子小兔
108540,一杆青空2025
108542,大耳朵图图-欢乐时光
108544,SHUGO CHARA! 守护甜心
108547,ReNus
108579,尘白禁区收藏集
108593,糯米SnuomiQ
108604,爱上火车收藏集-8620
108619,陆鳐LuLu·心电同频
108631,时光代理人M.O.D音乐专辑
108632,动物餐厅
108634,足太姬-BML2025
108642,猛男舞团IconX-BML2025
108649,yama-BML2025
108665,SNK-女神大乱斗
108683,果宝Official-夏日缤果
108690,茅原实里-BML2025
108694,Machico-BML2025
108706,大石昌良-BML2025
108713,東雪蓮
108731,裂变天地S1天禄冠军收藏集
108735,哪吒之魔童闹海
108739,夫人她风韵犹存
108740,喵喵球球丶
108744,宫野真守-BML2025
108750,赛尔号巅峰之战系列
108760,永雏塔菲叮咚集
108761,四茶·异世界冒险
108764,灵笼破局·棋局之上
108783,爱若刹时
108790,40岁以前想达成的10件事
108802,夏梦希语-希丝奈收藏集
108811,夏纪July·仅此一日
108813,禾兮子幻夏集
108825,花見团子喵
108829,Gr收藏集·追光寻梦
108830,ya酱夏日集
108832,花夏甜液
108836,钉宫妮妮·妮喃梦呓
108837,渡恩·浮光暗渡
108886,橙月儿大橙子
108913,完蛋！我被美女包围了！2
108935,排球少年!!
108943,CHIIKAWA来了
108952,梦琳
108954,笠子喵owo
108983,夏诺雅喵语手札
108995,普罗糖·末后世界
109001,池年悠米·双生回响
109007,一人之下
109025,宗泽学长の时光机
109038,羽波奈奈
109044,huhu小兔收藏集
109050,宇清收藏集·契诃夫之枪
109052,猫什么也没干
109070,罐中雪绘~生态观察记录~
109076,深水怠·藏书室的冒险
109145,猫羽Nekoha
109147,咲良YUKI画集
109167,星月璃り
109181,新的历史 与塔一起收藏
109202,Mika×迪士尼联名插画
109207,炽焰天穹一周年纪念收藏集
109211,DOAXVV
109213,满庭芳
109215,DOTA2 TI2025收藏集
109221,观鸟图鉴
109239,肥宅勇者
109252,9-nine-官方收藏集
109277,步玎Pudding·玎香信笺
109288,夏米范-独家饭拍
109305,阿萨Aza·棱中溢彩
109317,夏日重现
109318,2025贝拉的冒险
109320,初音未来·生日集
109323,演剧星世界
109327,゚喵奈
109338,弥绘貘貘
109340,星间泉·金砂圣域
109345,折棒收藏集·看折棒学折棒
109348,Mia米娅
109374,名侦探柯南·独眼的残像
109401,百变少女萱宝
109402,九九宝贝ovo·仲夏梦之约
109414,少女与空色的物语
109420,海沙风云-贝让往事
109421,孤独摇滚!剧场总集篇
109439,OISHIIの味
109443,长生
109478,诡秘之主
109486,泡芙nekoha
109488,Afaer-林亚Raenia2025
109490,kaka新星·猫绒陷阱
109496,音炽-Lynx
109531,这狗·萌萌登场
109533,小望的梦色瑰迹
109537,遇见你的猫
109540,慕儿Ya
109542,Rabi-Ribi收藏集
109564,桥桥Erio.予你温柔
109566,秽翼的尤斯蒂娅
109568,BanG Dream! It’s MyGO!!!!!
109572,小花仙浓情可可系列收藏集
109585,四禧丸子·溯梦幻境
109591,薇可娜Vicuna
109593,久苍穹东方Project收藏集
109610,恶魔角
109618,浪浪山小妖怪
109632,聊斋·兰若寺
109661,爱恋偏张
109664,绊爱
109666,苏丹的游戏
109668,枕刀歌
109694,莱莎的炼金工房3
109700,机动战士高达00
109702,星粥·浮梦集
109711,咖纳o
109721,雾雨威
109727,白雪葵·白雪誓约
109734,绫濑光Official·四季如光
109744,拜仁慕尼黑  欢畅仁生
109754,莱福黑石兼职日记
109759,alt·SPECTRUM7限定
109767,蜜汁工坊-哈基蜜集
109768,尤旎蒂_Yunity·旖旎寐梦
109814,胜利女神夏日派对
109819,Icomochi 少女的午后茶会
109825,希月萌奈·朗晞沐风
109845,少女乐队的呐喊第二弹
109857,初音未来：缤纷舞台
109877,吃肉包的怂鼠·坏坏小少年
109878,MuseDash喵斯快跑收藏集
109880,奇思妙想喜羊羊
109896,罗塞菈Rosella·菈菈land
109900,艾什Ash Halibel
109907,莱妮娅_Rynia·裁决之谕
109922,猪斯拉的西游日记
109930,灯果
109955,Hololive
109963,鬼叔黍
109970,蔚蓝档案2025中秋收藏集
109998,魔女的夜宴收藏集
110002,轴伊Joi·轴与芯之序
110009,春山响hibiki
110027,五彩斑斓的世界
110036,鬼叔黍一代
110039,iG·2025LPL出征收藏集
110055,朋克小鼠收藏集
110059,火山的女儿
110063,起司獭·绯夜协奏
110066,BLG·2025LPL出征收藏集
110068,AL·2025LPL出征收藏集
110070,TES·2025LPL出征收藏集
110081,Candy Carousel
110084,黄星星闪闪
110110,小城日常
110125,小小酥jewel-同学录
110154,文兮h
110155,月隐空夜·月色赞美诗
110157,鹿乃十周年收藏集
110159,蝶太团小哈·少年梦境巡游
110164,小满的流浪日记
110172,总之就是非常可爱2收藏集
110198,薇拉Vera收藏集
110232,VITALITY 2025独家系列
110235,叶与祈收藏集
110242,幼蓝蓝
110277,鲸鱼娘西丝特
110323,G2·2025IEM收藏集
110330,TeamSpirit中国行收藏2025
