id,name
100,VirtuaReal朗星集
101,VirtuaReal皓月集
102,VirtuaReal耀光集
104,赘婿动画收藏集
105,火凤燎原-三国群英集
106,真里子Mariko收藏集
107,风灵玉秀动画收藏集
108,BLG信念干杯收藏集
109,铃芽之旅数字收藏集
110,有兽焉动画收藏集
111,眞白花音收藏集
112,LEX收藏集
113,2233·群星闪耀时
114,侏罗纪公园数字收藏集
115,Ksr桑与他的伙伴萌收藏集
119,幻星集
122,DM袋喵收藏集
123,装扮小姐姐·中华锦绣
126,大D特D收藏集
128,时光代理人
129,永生动画收藏集
130,暹罗厘普收藏集
132,小只芋收藏集
133,BML十周年收藏集
134,紗耶sayako收藏集
136,普通小狗收藏集
137,2233·异世集
138,晓丹收藏集
139,艾恺特AKT收藏集
140,RNG2023夏季收藏集
141,梦音茶糯收藏集
142,菌子宝宝丶收藏集
143,空罐王·甜蜜约会收藏集
144,镇魂街
145,水果动物园·四季收藏集
146,FPX锵锵和鸣收藏集
147,雾山五行
148,永雏塔菲美女集
149,快把我哥带走
150,莓可收藏集
151,希然Iris-相见如歌收藏集
152,爱上她的理由动画收藏集
153,L.dart收藏集
154,某科学的超电磁炮T收藏集
155,小黄人收藏集
156,FPX.ZQ奋挥皓羽收藏集
157,江壹纯收藏集
161,VirtuaReal耀月集
162,白夜极光收藏集
163,早凉收藏集
164,阿萨Aza收藏集
165,斯露德：异空战歌收藏集
166,6699异想录
167,FPX翼往吾前收藏集
168,白以Emoji Girls收藏集
170,植物大战僵尸2收藏集
171,洛天依收藏集
172,安可|星瞳|扇宝收藏集
173,我不是胖虎收藏集
174,泰蕾莎收藏集
175,司稽 人间幽灵收藏集
176,Krenz光影少女收藏集
177,卡拉彼丘收藏集
178,红蓝巴萨
181,斗破苍穹收藏集
182,波喵喵喵收藏集
183,蜡笔小新收藏集
184,B叔菩提客栈收藏集
185,《画猫》系列收藏集
186,猫大人个人收藏集
187,阿里鸭Alya收藏集
188,我是超人cr收藏集
189,非人哉收藏集
190,杜铂雷Dobre收藏集
191,国创动画作品发布会
192,小丸Official收藏集
193,迪士尼公主收藏集
194,冥冥meichan收藏集
195,伊诺菈ProjectOrcus收藏集
198,小铃久绘收藏集
200,阴阳师:百闻牌收藏集
201,岱川Doris收藏集
202,泠鸢yousa收藏集
203,鱼子酱个人收藏集
204,防道少女团收藏集
205,FIVEver收藏集
206,眠一nemui收藏集
207,大话西游收藏集
210,mikasamu·蓝夏收藏集
212,钉宫妮妮Ninico收藏集
213,鎏金之夜收藏集
214,重庆狼队嗷呜狼狼收藏集
215,速度与激情收藏集
217,雪域收藏集
218,奇迹焕新家收藏集
219,梅兰芳·万象承华
222,花园花玲收藏集
223,P+收藏集
224,阿狸节气物语收藏集
225,天官赐福动画收藏集
226,小林家的龙女仆S收藏集
227,JDG·2023LPL出征收藏集
228,BLG·2023LPL出征收藏集
229,WBG·2023LPL出征收藏集
230,LNG·2023LPL出征收藏集
231,王者拜仁
232,OPL选手COS特辑收藏集
233,DOTA2 TI12收藏集
234,Afaer周年嘉年华
236,万圣学院收藏集
237,英雄联盟全球总决赛官方收藏集
238,幻夜魔法收藏集
240,Fulgur Ovid收藏集
241,美月もも收藏集
242,美依礼芽收藏集
244,Uki Violeta收藏集
245,Sonny Brisko收藏集
246,《爱唱歌的大学生》女生季收藏集
247,万圣街收藏集
248,Alban Knox收藏集
249,Twinkle.Star收藏集
250,收藏集活动限定卡合集
251,吾皇巴扎黑收藏集
255,凡人修仙传动画收藏集
256,无限实验室收藏集
258,小野收藏集
259,2023劫杯收藏集
260,《胶囊计划 第二季》数字典藏
261,《地下城堡3：魂之诗》收藏集
262,机动战士高达SEED收藏集
264,《全职高手》收藏集
265,驯龙高手收藏集
266,《名侦探柯南：黑铁的鱼影》
268,《命运拳台》收藏集
269,眞白花音收藏集第二弹
270,2233·鎏金日
271,《仙王的日常生活》收藏集
273,暹罗猫小豆泥收藏集
274,少年歌行海外仙山篇收藏集
275,iQOO Neo9系列收藏集
277,ATEEZ收藏集
278,2023大会员隐藏成就纪念收藏集
279,2024拜年纪
280,MTG收藏集
281,奥特曼UltraPark收藏集
282,Vsinger收藏集
283,把新年的喜事炫嘴里
284,蓝色监狱收藏集
285,亏成首富从游戏开始收藏集
286,国创龙年贺岁收藏集
287,功夫熊猫收藏集
288,Ultra你的神奇脑洞
289,Vox Akuma收藏集
291,功夫熊猫电影系列收藏集
293,2233·周年庆典
294,MEEM夏日收藏集
